,puzzle,time
0,68,0.04999
1,69,0.04685
2,70,0.00875
3,71,0.01106
4,72,0.00755
5,73,0.02876
6,74,0.03258
7,75,0.0852
8,76,0.03025
9,77,0.00945
10,78,0.00964
11,80,0.01521
12,81,0.05232
13,82,0.05785
14,83,0.30467
15,84,0.0086
16,85,0.01105
17,86,0.03529
18,87,0.00906
19,88,0.05182
